Timestamp,Name,Surname,Daybirth,Monthbirth,Yearbirth
28/11/2021 10.55.31,James,Wang,29,12,1966
28/11/2021 10.56.53,Mary,Chen,19,10,1978
28/11/2021 10.56.59,Robert,Singh,9,7,1957
28/11/2021 10.58.00,Patricia,Kumar,12,8,1980
28/11/2021 11.01.35,John,Ali,11,11,1976
28/11/2021 11.03.07,Jennifer,Nguyen,7,12,1968
28/11/2021 11.04.33,Michael,Khan,11,9,1977
28/11/2021 11.05.04,Linda,Ahmed,26,1,1982
28/11/2021 11.05.55,William,Khatun,22,1,1960
28/11/2021 11.06.14,Elizabeth,Silva,18,3,1980
28/11/2021 11.07.27,David,Tang,13,9,1983
28/11/2021 11.07.47,Barbara,Mohamed,2,5,1962
28/11/2021 11.07.47,Richard,Xie,23,8,1966
28/11/2021 11.08.19,Susan,Han,20,4,1972
28/11/2021 11.11.10,Joseph,Garcia,23,10,1970
28/11/2021 11.15.02,Jessica,Hernandez,17,8,1982
28/11/2021 11.18.17,Thomas,Hussain,29,4,1957
28/11/2021 11.25.52,Sarah,Gonzalez,15,8,1956
28/11/2021 11.32.28,Charles,Martinez,24,9,1964
28/11/2021 12.01.47,Karen,Ibrahim,29,3,1957
28/11/2021 12.22.03,Christopher,Rahman,31,8,1968
28/11/2021 12.25.37,Nancy,Yadav,8,12,1958
28/11/2021 12.53.14,Daniel,Perez,17,1,1962
28/11/2021 12.58.09,Lisa,Dong,25,3,1960
28/11/2021 12.58.57,Matthew,Kumari,21,6,1974
28/11/2021 13.27.15,Betty,Sanchez,18,4,1984
28/11/2021 14.43.26,Anthony,Pereira,23,10,1968
28/11/2021 15.28.44,Margaret,Yao,8,12,1959
28/11/2021 15.51.01,Mark,Silva,20,7,1966
28/11/2021 16.27.41,Sandra,Mandal,10,1,1977
28/11/2021 17.03.01,Donald,Sharma,18,11,1956
28/11/2021 17.04.19,Ashley,Alves,26,8,1979
28/11/2021 17.17.31,Steven,Ramirez,8,10,1958
28/11/2021 17.20.04,Kimberly,Mondal,7,8,1957
28/11/2021 17.21.12,Paul,Gomez,1,9,1977
28/11/2021 17.26.52,Emily,Abdul,24,9,1961
28/11/2021 17.43.49,Andrew,Rodrigues,27,7,1959
28/11/2021 17.46.56,Donna,Smith,18,1,1965
28/11/2021 18.38.06,Joshua,Santos,17,4,1956
28/11/2021 18.46.37,Michelle,Diaz,11,2,1965
28/11/2021 19.54.03,Kenneth,Oliveira,21,5,1971
28/11/2021 19.56.58,Dorothy,Flores,25,9,1970
28/11/2021 16.36.16,Kevin,Diallo,13,3,1963
28/11/2021 16.38.58,Carol,Gomes,31,5,1972
28/11/2021 16.40.39,Brian,Torres,19,8,1970
28/11/2021 16.45.46,Amanda,Long,8,7,1971
28/11/2021 16.47.06,George,Ramos,12,10,1968
28/11/2021 16.51.03,Melissa,Hussein,10,3,1965
28/11/2021 17.01.01,Edward,Fernandez,20,10,1966
28/11/2021 17.01.27,Deborah,Duan,23,11,1956
28/11/2021 17.10.23,Ronald,Shaikh,10,10,1959
28/11/2021 17.34.24,Stephanie,Bakhash,27,3,1980
28/11/2021 18.05.27,Timothy,Johnson,16,8,1983
28/11/2021 18.23.26,Rebecca,Reyes,20,9,1969
28/11/2021 19.00.50,Jason,Gupta,7,5,1980
28/11/2021 19.07.14,Sharon,Jimenez,2,6,1969
28/11/2021 19.16.34,Jeffrey,Williams,3,12,1972
28/11/2021 19.59.45,Laura,Abbas,9,3,1968
28/11/2021 21.11.30,Ryan,Gutierrez,28,5,1968
29/11/2021 0.11.32,Cynthia,Brown,26,8,1959
29/11/2021 6.19.06,Jacob,Martin,13,2,1959
29/11/2021 7.54.12,Kathleen,Jones,12,8,1968
29/11/2021 9.11.07,Gary,Mendoza,16,4,1978
29/11/2021 13.02.31,Amy,Romero,15,9,1982
